<?xml version="1.0" encoding="UTF-8"?>
<!DOCTYPE mapper PUBLIC "-//mybatis.org//DTD Mapper 3.0//EN" "http://mybatis.org/dtd/mybatis-3-mapper.dtd">

<mapper namespace="com.example.mapper.CSMapper">
	<!-- <select id="getList" resultType="com.example.domain.CSVO">
	<![CDATA[
		select * from service
		]]> 
	</select> -->
	
	<select id="countTotal" resultType="int">
		SELECT COUNT(*) FROM SERVICE
	</select>
	
	<select id="countUserTotal" resultType="int">
		SELECT COUNT(*) FROM SERVICE where s_id = #{s_id}
	</select>
	
	<select id="getListWithUser" resultType="com.example.domain.CSVO">
	<![CDATA[
		select 
			s_num, s_id, s_name, s_type, s_title, s_content, s_anwser, s_datee
		from (
				select
					rownum rn, s_num, s_id, s_name, s_type, s_title, s_content, s_anwser, s_datee
				from
					( 
						select 
							s_num, s_id, s_name, s_type, s_title, s_content, s_anwser, s_datee
						from
							service
						where
							s_id = #{s_id}  
					)
					
				where
					rownum <= #{cri.pageNum} * #{cri.amount}
			)
		where
			rn > (#{cri.pageNum}-1) * #{cri.amount}
	]]>
	</select>
	
	<select id="getListWithAdmin" resultType="com.example.domain.CSVO">
	<![CDATA[
		select 
			s_num, s_id, s_name, s_type, s_title, s_content, s_anwser, s_datee
		from (
				select
					rownum rn, s_num, s_id, s_name, s_type, s_title, s_content, s_anwser, s_datee
				from
					service
				where
					rownum <= #{pageNum} * #{amount}
			)
		where
			rn > (#{pageNum}-1) * #{amount}
	]]>
	</select>
	
	<insert id="sinsert">
		insert into
				service (s_num, s_id, s_name, s_type, s_title, s_content)
		
		values
				(seq_service.nextval, #{s_id}, #{s_name}, #{s_type}, #{s_title}, #{s_content})
	</insert>
	
	<select id="sread" resultType="com.example.domain.CSVO" >
		select * from service where s_num = #{s_num}
	</select>
	
	<update id="supdate">
		update 
			service
		set
			s_anwser = #{s_anwser}, s_datee = sysdate
		where
			s_num = #{s_num}
	</update>
	
</mapper>